{"cameraMode":{"drawMode":0,"name":"Shaded","section":"Shading Mode"},"sceneLighting":false,"audioPlay":false,"sceneViewState":{"showFog":true,"showMaterialUpdate":false,"showSkybox":false,"showFlares":true,"showImageEffects":true,"showParticleSystems":true},"in2DMode":false,"pivot":{"x":0.7847501039505005,"y":-0.9338076114654541,"z":-0.059000007808208469},"rotation":{"x":-0.002684835810214281,"y":-0.05098379775881767,"z":-0.00016921940550673753,"w":0.9987293481826782},"size":2.8037197589874269,"orthographic":true}