{"cameraMode":{"drawMode":0,"name":"Shaded","section":"Shading Mode"},"sceneLighting":true,"audioPlay":false,"sceneViewState":{"showFog":true,"showMaterialUpdate":false,"showSkybox":true,"showFlares":true,"showImageEffects":true,"showParticleSystems":true},"in2DMode":false,"pivot":{"x":0.27667850255966189,"y":-2.733980894088745,"z":17.158912658691408},"rotation":{"x":0.06611097604036331,"y":0.06729355454444885,"z":-0.004503361880779266,"w":0.9955703020095825},"size":9.130762100219727,"orthographic":true}